,param_n_neighbors,param_weights,param_metric,mean_test_f1_deceased,rank_test_f1_deceased,mean_test_recall_deceased,mean_test_overall_accuracy,mean_test_overall_recall
0,9,distance,euclidean,0.22577269583307924,1,0.165,0.8419303099323849,0.6763690164941084
1,9,uniform,euclidean,0.1818922485309673,4,0.12533333333333335,0.8339971618350287,0.6607642845988757
2,30,distance,euclidean,0.21481750123871537,2,0.13316666666666666,0.8462978642212338,0.6725420253921033
3,30,uniform,euclidean,0.13366237150598018,5,0.07383333333333333,0.8258165686823997,0.6423439878078565
4,50,distance,euclidean,0.2046951915184861,3,0.12533333333333332,0.8448728192041213,0.6697392647624725
5,50,uniform,euclidean,0.10275161187419099,6,0.05533333333333333,0.8166640829030374,0.6308603915921144
