,param_max_depth,param_n_estimators,param_max_features,mean_test_f1_deceased,rank_test_f1_deceased,mean_test_recall_deceased,mean_test_overall_accuracy,mean_test_overall_recall
0,29,200,10,0.22606068977583937,6,0.19883333333333333,0.8406990280578409,0.6832884803681608
1,29,250,10,0.22496251859291302,8,0.19800000000000004,0.8407884662962654,0.6831504981299404
2,29,200,12,0.2272780066316289,4,0.19866666666666669,0.840880886129269,0.683344927258915
3,29,250,12,0.22894408973319047,1,0.20033333333333334,0.8409166609446913,0.6838630596163258
4,30,200,10,0.22783009372932192,2,0.20099999999999998,0.8408689610841399,0.6839066075093873
5,30,250,10,0.22561272753056436,7,0.19833333333333333,0.8405976653875538,0.6831541496481094
6,30,200,12,0.22645369530066742,5,0.19816666666666669,0.8407497104995304,0.6832042094498831
7,30,250,12,0.22732695041485732,3,0.19883333333333333,0.8407675987338178,0.6833126599856145
