,param_max_depth,param_n_estimators,param_max_features,mean_test_f1_deceased,rank_test_f1_deceased,mean_test_recall_deceased,mean_test_overall_accuracy,mean_test_overall_recall
0,29,200,10,0.7460927854982629,1,0.7999216196384498,0.7887461643652859,0.7887461643652859
1,29,250,10,0.7460179632813059,2,0.799563071176039,0.7886502734974318,0.7886502734974318
2,29,200,12,0.7450964625330716,8,0.7977870055366553,0.7884438996731372,0.7884438996731372
3,29,250,12,0.7458564880852143,3,0.7996381162030551,0.7886877960109399,0.7886877960109399
4,30,200,10,0.7456384244014188,4,0.7983039823894336,0.7886794576746047,0.7886794576746047
5,30,250,10,0.74559508713697,6,0.7981872456807418,0.7886210893202588,0.7886210893202588
6,30,200,12,0.7453634093180299,7,0.7964195183776933,0.7885251984524048,0.7885251984524047
7,30,250,12,0.7456099784621409,5,0.7980454939630445,0.788562720965913,0.788562720965913
